:START_ID(Paper),:END_ID(Keyword)
033275ccc2c7c5c38592ae893da0b5923cf90717,Computer Science
1a85628dd645ea86b7c146613651fdb30bb32c1d,Computer Science
5abf79226a8ffa2dcf33ca98bfc36c8bb01cc4fc,Computer Science
59078a26c42e8609244f1c3e01f05af74a3773bf,Computer Science
1cbbe1a129c0d1f53d8e16ca74238334372507dc,Computer Science
86e9b0585c8b866665de18b2744d69aefff3e16d,Computer Science
a20e707395132f750fa958ebc0ea629b23b57bfe,Computer Science
a20e707395132f750fa958ebc0ea629b23b57bfe,Medicine
703d49a335799262e474ed8fe6044cd641a9e00a,Computer Science
2d95c27d4ed8cfb8379164888cd79c6b239250b4,Computer Science
93e6ba25e4c45c3f204a09b6a6b8b02bd3596091,Computer Science
06424dcd3be195738b653d2ee4358d9974f4cb30,Computer Science
bcca5c7e9180c4890936343d79e812cb16cbefb6,Computer Science
0443c9a0fbb403d5e7d3593f5d286cb74ed0b490,Computer Science
c858ba9bce833896b49878a6793dbb382ed83c9e,Computer Science
f3e765ca2b8c4191759b141d2e5c42215ed9090d,Computer Science
689c7a86d973895a14feb984b8faa3d5581038ef,Computer Science
44ec06d911eed44ee99be61bd9ce964a824a2ed7,Computer Science
8afa626901e6b77b3936b8eb64df4a5a538444a0,Computer Science
6ea38aacc779506909d425aa19114b92bb1854f8,Computer Science
6ea38aacc779506909d425aa19114b92bb1854f8,Mathematics
59f1df2f60280eea79d195b9c561d52a77fb24de,Computer Science
1d0d84a1f4e8de75151d88bd152816f18109d032,Computer Science
6e87f544017f73670c44d9d0856340a289ff9e38,Computer Science
659d8b24e53e8adfbcb1f16b26ada2cb8afa2c85,Computer Science
b8e30590ac81875a7fc4f7cfd425bd5148a72f5c,Computer Science
c867c372ed78e27c53feaf788e74aa7506302bbe,Computer Science
d154d986c3a402c207c6c0e22093f2e1a878fe71,Computer Science
2be77516f6233a9d3ebbf93b439c3658d955d2e5,Computer Science
39af4070dca3221d275898c55884167bc03fe73d,Computer Science
1f4bee77bb69b92dd16ce0c3ad0f477f4ecf1d30,Computer Science
6e4e15ab0d55232b93e76ddecb6c969a0d18f853,Computer Science
647d0e540627c5a903299a90d20530f8e48c18d9,Computer Science
647d0e540627c5a903299a90d20530f8e48c18d9,Medicine
13bd0e08713f0b340396634892d2c9e3c5bee548,Computer Science
e8505f6175585713aa7b785285b3abc4113b57ef,Computer Science
1731458f7ac96b23bd8ffe4c1bb71295772b5566,Computer Science
8ada773522e0cc1b1a1b36b8e5d85417794a875f,Computer Science
4f873d5a3ab80402e206a361eeffd3b69f014db0,Computer Science
b3b64555a641afd3c8fc2da30bbb30b0b56e0c60,Computer Science
12b8af038d27defddc972c9bbcdf151b2594ee69,Computer Science
d47686fd5ce403fe962c80b651c8b130061a5d73,Computer Science
e0fdd11f8ffe065081e2e4694a8855a766abe31a,Computer Science
0134db5adf50c471906cbffa0d2f6a4fcbc0ae01,Computer Science
f0dde44d5836ac8ae1d8a501b26317c952fe5abc,Computer Science
620f78ee4a52c3f61e5600d5c354b2234d8f7858,Computer Science
006bd41c4a52c64445afdbc67182715a476e09c8,Computer Science
16a65dcd609d48f79a9a271377628fdae5315a62,Computer Science
16a65dcd609d48f79a9a271377628fdae5315a62,Medicine
f75f16b5cf0fc2e667d79a122190757bfccb0a3d,Computer Science
b374939320dcba4255a14637d36bbee785a2d860,Computer Science
d427db1ba2cc92b36d16a5e5114f1027c90fff68,Computer Science
7549a6e03afdd42ae94c19235db076319eeb34f8,Computer Science
ae876b07435880d0359ca68b30af90b2e3193ad4,Computer Science
45063cf2e0116e700da5ca2863c8bb82ad4d64c2,Computer Science
e89c22555d5e20a14669522838029c6f49893c57,Computer Science
f51dfc161c98140d4156e512dd3b4f839cc7f491,Mathematics
f51dfc161c98140d4156e512dd3b4f839cc7f491,Computer Science
6cc4b0919f14bdcba4d3f1d97b04bd134bfb45c4,Computer Science
6cc4b0919f14bdcba4d3f1d97b04bd134bfb45c4,Medicine
f7a8573d4daa4083419a864ef7a8bf97bc0754e5,Business
f7a8573d4daa4083419a864ef7a8bf97bc0754e5,Computer Science
e7f1640a76bbfdf701e6cd4d81163be2eb97a4de,Computer Science
f3b0ca9d0c420e6c6bc24a5e9dd959e8c899b38e,Computer Science
42fe18be6e9ff2c11e5b2347c93e131c9abc7a51,Computer Science
91bd879d3fcbdb851c8442be47e7ee8fa4ef8586,Computer Science
19c284f50869970a31f45cbec20d2db90aa278e3,Computer Science
6b98410fcea56a1d8368fe31384d2cacdcf78fdc,Computer Science
cdadc2aa758d3abc1f77add07232f21df9287162,Computer Science
a31b391917fbfc24675fc13a6724fe61460b425a,Computer Science
5685a394b25fcb27b6ad91f7325f2e60a9892e2a,Computer Science
416292827584552604807411db7262d7c28257e6,Computer Science
9b3f2b73263ce06a6d61ef2ad9df7cce33e171f7,Computer Science
325bbe2c92072b16645a5cded3b9eda3cb97660b,Computer Science
e02acab3e0c44f425705865869f3e51f7998dd24,Computer Science
02808823641975868e3212fd7ae859514fdbdf32,Computer Science
c8df841db2bfe68fc7624f004217c0255f385063,Computer Science
0daa156e7b4168df25733ce58680dd15b539fa50,Computer Science
262fe2a2b5d1c0fa7feb63f3bf0c1fd81f1b7c80,Computer Science
acf5fce7472de410985d223d3ce1271a5014d1e7,Computer Science
45af864f2f9991eb9f9545fdec45ccf2adb5f0fa,Computer Science
d6b68954d6acddce319de327af65d164bdfc5543,Computer Science
d6b68954d6acddce319de327af65d164bdfc5543,Mathematics
71ca3a6c98c8b60117d01f324487ea8bfe34c54b,Computer Science
342253053f72911edc54df84708f1c1a8db279b6,Computer Science
f0c9fabba39fb5d471d6bd37f6d1c68811fef48b,Computer Science
5b0ade1a2ae06e9d8b51f2d5c424a0cdad847e8a,Computer Science
ae63486b2791b301ea4f31b654579687b2f2f95a,Computer Science
575c8ee3782f37dd0e7df8b9f3161ae3e7783b1c,Computer Science
8f6e3b466c4ecc6e0ff779e58cf1b885c7b09f11,Computer Science
2529bb021fda27e1b4012ea62d68c26fd53efcd3,Computer Science
ff784e951325b54f911c3c82bde5b3d6810459c3,Computer Science
3b3df8387a7924c966c87662d4d2547e5c0fb662,Computer Science
2aac97b85bfb33c0bae35be23b02238c79a937d7,Computer Science
217c25a7dc4380f12497edf4d7d013d11195c005,Computer Science
0e9882f5d9a4c0ee873f7806ffe645b0473377a7,Computer Science
a5170eb87547140ee2e9d89e12e49e64b5f1f7d5,Computer Science
0073395c4fec448b21963cf06ab01b671ccaaac3,Computer Science
205d1d5689f7327d909f6a4addb2f0d98ab7d17e,Computer Science
6300cd54e6ae992d87cb22ce536aa99a5f9e6ab4,Computer Science
6008ea0ff9406834436c2ab39dca17390f978a23,Computer Science
212d1c7cfad4d8dae39deb669337cb46b0274d78,Computer Science
